{
    "label": 1,
    "score": 0.26789064868946144,
    "predict_proba": [
        3.0840346706766745e-16,
        0.020860846461886275,
        0.9791391535381134
    ],
    "result": [
        {
            "fid": 2,
            "cof": -0.32483827425745604
        },
        {
            "fid": 3,
            "cof": -0.2821288686852468
        },
        {
            "fid": 1,
            "cof": 0.005534547532131442
        },
        {
            "fid": 0,
            "cof": 0.004046133229186938
        }
    ]
}