{
    "label": 1,
    "score": 0.017844947420348034,
    "predict_proba": [
        0.0,
        2.0,
        0.0
    ],
    "result": [
        {
            "fid": 2,
            "cof": -0.15762819279502072,
            "conflict": -0.35131245770038055
        },
        {
            "fid": 0,
            "cof": -0.12366409964204923,
            "conflict": -0.006012269085130391
        },
        {
            "fid": 1,
            "cof": 0.07639238413118939,
            "conflict": 0.03297365079269238
        },
        {
            "fid": 3,
            "cof": -0.043692941186298496,
            "conflict": -0.0508888405631986
        }
    ]
}