{
    "label": 1,
    "score": 0.23489186178446708,
    "predict_proba": [
        0.0,
        2.0,
        0.0
    ],
    "result": [
        {
            "fid": 2,
            "cof": 0.2852573186595922,
            "conflict": -2.2839125963435674
        },
        {
            "fid": 0,
            "cof": -0.041519725366496125,
            "conflict": 0.19056265477606535
        },
        {
            "fid": 3,
            "cof": 0.03460956746738651,
            "conflict": -0.22861250147304335
        },
        {
            "fid": 1,
            "cof": -0.002689867190740846,
            "conflict": -0.13502653997616998
        }
    ]
}