{
    "label": 1,
    "score": 0.17135165701276012,
    "predict_proba": [
        0.0,
        -0.0869565217391306,
        0.0
    ],
    "result": [
        {
            "fid": 2,
            "cof": 0.19435469856505322,
            "conflict": 0.11235186412101934
        },
        {
            "fid": 3,
            "cof": -0.02243376925645327,
            "conflict": -0.010438237420836646
        },
        {
            "fid": 0,
            "cof": -0.006134082446858825,
            "conflict": -0.0035407783786927266
        },
        {
            "fid": 1,
            "cof": -0.005314625055114865,
            "conflict": -0.0018882657910020602
        }
    ]
}