{
    "label": 1,
    "score": 0.006161263554690599,
    "predict_proba": [
        0.0,
        2.0,
        0.0
    ],
    "result": [
        {
            "fid": 3,
            "cof": -0.0637006801629273,
            "conflict": -0.48498324812531896
        },
        {
            "fid": 0,
            "cof": -0.05343242979786315,
            "conflict": -0.06158563126677239
        },
        {
            "fid": 1,
            "cof": 0.02492972550528855,
            "conflict": 0.11762641393635574
        },
        {
            "fid": 2,
            "cof": 0.0037352594739008434,
            "conflict": -1.745213653519523
        }
    ]
}