{
    "label": 1,
    "score": 0.01719521657680012,
    "predict_proba": [
        0.01718516034306246,
        0.07017341370737007,
        0.23337028910592023
    ],
    "result": [
        {
            "fid": 1,
            "cof": -0.025631564428312114,
            "conflict": -0.04136238861873892
        },
        {
            "fid": 3,
            "cof": 0.007176284432657602,
            "conflict": -0.012621857581334182
        },
        {
            "fid": 2,
            "cof": -0.006826592395350741,
            "conflict": -0.17335010633552916
        },
        {
            "fid": 0,
            "cof": -0.0013267130977137468,
            "conflict": -0.0060903192360365075
        }
    ]
}