{
    "label": 1,
    "score": 0.09052629073388452,
    "predict_proba": [
        0.032003447260864,
        0.7234525880909798,
        0.24454396464815611
    ],
    "result": [
        {
            "fid": 2,
            "cof": 0.16690605428718772
        },
        {
            "fid": 3,
            "cof": 0.043804481302344093
        },
        {
            "fid": 1,
            "cof": 0.024858043216760585
        },
        {
            "fid": 0,
            "cof": -0.015521944833813296
        }
    ]
}