{
    "label": 1,
    "score": 0.35107511357374777,
    "predict_proba": [
        0.0,
        0.0,
        1.0
    ],
    "result": [
        {
            "fid": 2,
            "cof": -0.26932111838202133,
            "conflict": -0.3617972549233106
        },
        {
            "fid": 3,
            "cof": -0.21306092713369096,
            "conflict": -0.3235661380856845
        },
        {
            "fid": 1,
            "cof": 0.007330675729104995,
            "conflict": 0.017562996677002046
        },
        {
            "fid": 0,
            "cof": 0.0037315580771183814,
            "conflict": -0.02611650259323394
        }
    ]
}