{
    "label": 1,
    "score": 0.35295179247442143,
    "predict_proba": [
        3.0840346706766745e-16,
        0.03066939435417682,
        0.9791391535381134
    ],
    "result": [
        {
            "fid": 2,
            "cof": -0.33379025068027807,
            "conflict": -0.3609531797975725
        },
        {
            "fid": 3,
            "cof": -0.30293670977279913,
            "conflict": -0.3260245173942418
        },
        {
            "fid": 1,
            "cof": -0.008592190133490826,
            "conflict": -0.008133617784770173
        },
        {
            "fid": 0,
            "cof": -0.007127430796454753,
            "conflict": -0.016015580105336914
        }
    ]
}