{
    "label": 1,
    "score": 0.37506573683446065,
    "predict_proba": [
        0.0,
        0.0,
        1.0
    ],
    "result": [
        {
            "fid": 2,
            "cof": 0.4708771471912877
        },
        {
            "fid": 3,
            "cof": -0.41757655232410407
        },
        {
            "fid": 1,
            "cof": 0.014536197492628545
        },
        {
            "fid": 0,
            "cof": -0.00991094595308855
        }
    ]
}