{
    "label": 1,
    "score": 0.25827081607911306,
    "predict_proba": [
        1.0,
        0.0,
        0.0
    ],
    "result": [
        {
            "fid": 3,
            "cof": -0.45650271119836505,
            "conflict": -0.8885528999229066
        },
        {
            "fid": 2,
            "cof": 0.07487605585232426,
            "conflict": 0.0031131562098694965
        },
        {
            "fid": 1,
            "cof": 0.011475438373394565,
            "conflict": -0.007735935380601855
        },
        {
            "fid": 0,
            "cof": 0.0010464491320434678,
            "conflict": -0.006842701312912108
        }
    ]
}