{
    "label": 1,
    "score": 0.25671436791568925,
    "predict_proba": [
        0.0,
        1.0,
        0.0
    ],
    "result": [
        {
            "fid": 2,
            "cof": 0.45767523451553094
        },
        {
            "fid": 3,
            "cof": 0.08734265036952829
        },
        {
            "fid": 0,
            "cof": -0.0349309751092511
        },
        {
            "fid": 1,
            "cof": 0.01007574972698285
        }
    ]
}