{
    "label": 1,
    "score": 0.02537700073879834,
    "predict_proba": [
        0.0,
        2.0,
        0.0
    ],
    "result": [
        {
            "fid": 2,
            "cof": -0.35905757673513805,
            "conflict": -0.1859845054054183
        },
        {
            "fid": 3,
            "cof": -0.1261421527084408,
            "conflict": -0.028607895740944026
        },
        {
            "fid": 0,
            "cof": -0.0830309189324038,
            "conflict": 0.004344144856821116
        },
        {
            "fid": 1,
            "cof": 0.0399211576565978,
            "conflict": 0.007457108076324066
        }
    ]
}