{
    "label": 1,
    "score": 0.021489667591677808,
    "predict_proba": [
        0.0,
        2.0,
        0.0
    ],
    "result": [
        {
            "fid": 2,
            "cof": 0.1119336754320814,
            "conflict": 0.16666103032055118
        },
        {
            "fid": 0,
            "cof": -0.02690895627793198,
            "conflict": -0.016674164752246923
        },
        {
            "fid": 1,
            "cof": 0.01981511585176689,
            "conflict": -0.10417699679301762
        },
        {
            "fid": 3,
            "cof": -0.017694198502595626,
            "conflict": 0.0906794889304973
        }
    ]
}