{
    "label": 1,
    "score": 0.1523506154909774,
    "predict_proba": [
        1.0,
        0.0,
        0.0
    ],
    "result": [
        {
            "fid": 2,
            "cof": 0.3689583239508357,
            "conflict": 0.1380832069144843
        },
        {
            "fid": 3,
            "cof": 0.04350340411605733,
            "conflict": -0.021975888291767706
        },
        {
            "fid": 1,
            "cof": 0.012473083820320162,
            "conflict": -0.013374549632892115
        },
        {
            "fid": 0,
            "cof": 0.002122882362931578,
            "conflict": -0.001997594356353644
        }
    ]
}