{
    "label": 1,
    "score": 0.2667207670189431,
    "predict_proba": [
        0.0,
        2.0,
        0.0
    ],
    "result": [
        {
            "fid": 2,
            "cof": 0.39570056653773056,
            "conflict": 0.7962536562485996
        },
        {
            "fid": 3,
            "cof": 0.06087040521749943,
            "conflict": -0.017704276650733757
        },
        {
            "fid": 0,
            "cof": -0.03465126301881208,
            "conflict": -0.012780299510847191
        },
        {
            "fid": 1,
            "cof": -0.015046082426797397,
            "conflict": 0.1308962246249245
        }
    ]
}