{
    "label": 1,
    "score": 0.08517651628998446,
    "predict_proba": [
        0.0,
        2.0,
        0.0
    ],
    "result": [
        {
            "fid": 2,
            "cof": 0.19343000873626923,
            "conflict": -0.18631238629484895
        },
        {
            "fid": 0,
            "cof": -0.056421865197788426,
            "conflict": 0.027303904058487854
        },
        {
            "fid": 1,
            "cof": -0.0017289907568878709,
            "conflict": -0.06672814827849817
        },
        {
            "fid": 3,
            "cof": 0.0010139247213187604,
            "conflict": 0.02325741387303759
        }
    ]
}