{
    "label": 1,
    "score": 0.03172653034231265,
    "predict_proba": [
        0.0,
        2.0,
        0.0
    ],
    "result": [
        {
            "fid": 2,
            "cof": -0.43592062400998216,
            "conflict": -0.17428902737694382
        },
        {
            "fid": 3,
            "cof": -0.13271281787436806,
            "conflict": -0.034446215630261234
        },
        {
            "fid": 0,
            "cof": -0.07273842467753615,
            "conflict": 0.006173725693996221
        },
        {
            "fid": 1,
            "cof": 0.05801953520569608,
            "conflict": 0.009733826074051677
        }
    ]
}