{
    "label": 1,
    "score": 0.23491774290438416,
    "predict_proba": [
        0.0,
        1.0,
        0.0
    ],
    "result": [
        {
            "fid": 2,
            "cof": 0.4451154854567597
        },
        {
            "fid": 3,
            "cof": -0.02806762464785463
        },
        {
            "fid": 0,
            "cof": -0.022961779401656984
        },
        {
            "fid": 1,
            "cof": 0.020825765915818244
        }
    ]
}