{
    "label": 1,
    "score": 0.07386482787965443,
    "predict_proba": [
        0.05099150893765669,
        0.11368366252887964,
        0.19873923923132553
    ],
    "result": [
        {
            "fid": 2,
            "cof": -0.054365078121572055,
            "conflict": -0.0357426476894293
        },
        {
            "fid": 0,
            "cof": -0.014646698972849983,
            "conflict": 0.006682454971427386
        },
        {
            "fid": 1,
            "cof": -0.013478466954130242,
            "conflict": -0.024504508387144217
        },
        {
            "fid": 3,
            "cof": 0.002115394566894562,
            "conflict": -0.0005966062607764802
        }
    ]
}