{
    "label": 1,
    "score": 0.5234918827620234,
    "predict_proba": [
        0.9358656236556738,
        0.08105074789542435,
        0.00040349473303058275
    ],
    "result": [
        {
            "fid": 2,
            "cof": -0.4066635260888087,
            "conflict": -0.6105401495136319
        },
        {
            "fid": 0,
            "cof": -0.09971987685762797,
            "conflict": 0.007705167391026857
        },
        {
            "fid": 3,
            "cof": 0.07608928087128773,
            "conflict": -0.08791099856654969
        },
        {
            "fid": 1,
            "cof": -0.014605111003316278,
            "conflict": -0.03056400975300595
        }
    ]
}