{
    "label": 1,
    "score": 0.3701436988870226,
    "predict_proba": [
        0.9309500312592939,
        0.06877154090747785,
        0.0002784278332283566
    ],
    "result": [
        {
            "fid": 2,
            "cof": -0.32675708955092253
        },
        {
            "fid": 0,
            "cof": -0.1342983604266438
        },
        {
            "fid": 3,
            "cof": 0.10888957958951631
        },
        {
            "fid": 1,
            "cof": -0.01804558281404441
        }
    ]
}