{
    "label": 1,
    "score": 0.16578640488267216,
    "predict_proba": [
        0.0,
        -0.0869565217391306,
        0.0
    ],
    "result": [
        {
            "fid": 2,
            "cof": 0.10900906522990719,
            "conflict": 0.05513120775735624
        },
        {
            "fid": 3,
            "cof": 0.09751701212634604,
            "conflict": 0.04547548242317478
        },
        {
            "fid": 1,
            "cof": -0.027598720608015333,
            "conflict": -0.012013501037875692
        },
        {
            "fid": 0,
            "cof": 0.01683409437482071,
            "conflict": 0.007024535403309884
        }
    ]
}