{
    "label": 1,
    "score": 0.10900023340398979,
    "predict_proba": [
        4.5382062232135467e-11,
        0.9802438244096723,
        0.019756175544945517
    ],
    "result": [
        {
            "fid": 3,
            "cof": 0.21461886111403314
        },
        {
            "fid": 2,
            "cof": 0.09823874853052046
        },
        {
            "fid": 0,
            "cof": 0.012984236485244738
        },
        {
            "fid": 1,
            "cof": 0.005313847053071306
        }
    ]
}