{
    "label": 1,
    "score": 0.17971738628916545,
    "predict_proba": [
        1.0,
        0.0,
        0.0
    ],
    "result": [
        {
            "fid": 2,
            "cof": 0.40482694749678766
        },
        {
            "fid": 3,
            "cof": 0.07623667934635332
        },
        {
            "fid": 0,
            "cof": -0.011540237346960308
        },
        {
            "fid": 1,
            "cof": -0.005269053866177251
        }
    ]
}