{
    "label": 1,
    "score": 0.13962722029224683,
    "predict_proba": [
        4.5382062232135467e-11,
        -0.07005440980169174,
        0.01975617554494555
    ],
    "result": [
        {
            "fid": 3,
            "cof": 0.11600288280417058,
            "conflict": 0.04469623991160002
        },
        {
            "fid": 2,
            "cof": 0.10102288974065551,
            "conflict": 0.03988390338545917
        },
        {
            "fid": 1,
            "cof": -0.011884919640342282,
            "conflict": -0.004138332279493192
        },
        {
            "fid": 0,
            "cof": -0.006553823342609389,
            "conflict": -0.0024827871327175537
        }
    ]
}