{
    "label": 1,
    "score": 0.32155173310710805,
    "predict_proba": [
        0.0,
        0.0,
        1.0
    ],
    "result": [
        {
            "fid": 3,
            "cof": -0.41847416777218893,
            "conflict": -0.42637736270287935
        },
        {
            "fid": 2,
            "cof": 0.3797851999533843,
            "conflict": -0.016775763377878398
        },
        {
            "fid": 0,
            "cof": -0.016064611379837824,
            "conflict": -0.004146639161320624
        },
        {
            "fid": 1,
            "cof": -0.009092026293207232,
            "conflict": -0.013026315871102674
        }
    ]
}