{
    "label": 1,
    "score": 0.09051047863794714,
    "predict_proba": [
        0.0,
        -0.0869565217391306,
        0.0
    ],
    "result": [
        {
            "fid": 2,
            "cof": 0.11817173543431166,
            "conflict": 0.06513151705430802
        },
        {
            "fid": 3,
            "cof": 0.07159087693515717,
            "conflict": 0.03948762949815885
        },
        {
            "fid": 0,
            "cof": 0.012135257137859432,
            "conflict": 0.006774958107688121
        },
        {
            "fid": 1,
            "cof": 0.007569072844436767,
            "conflict": 0.004237249151909178
        }
    ]
}