{
    "label": 1,
    "score": 0.08917929781998502,
    "predict_proba": [
        0.0,
        1.0,
        0.0
    ],
    "result": [
        {
            "fid": 2,
            "cof": 0.26986790299999075
        },
        {
            "fid": 3,
            "cof": 0.1427045749551825
        },
        {
            "fid": 0,
            "cof": 0.02708313827957807
        },
        {
            "fid": 1,
            "cof": -0.003942450973432863
        }
    ]
}