{
    "label": 1,
    "score": 0.19214096626378874,
    "predict_proba": [
        1.0,
        0.0,
        0.0
    ],
    "result": [
        {
            "fid": 3,
            "cof": -0.3995962394253209
        },
        {
            "fid": 2,
            "cof": 0.09302183553558321
        },
        {
            "fid": 0,
            "cof": 0.023046354682039246
        },
        {
            "fid": 1,
            "cof": 0.00263653302854022
        }
    ]
}