{
    "label": 1,
    "score": 0.136823450394843,
    "predict_proba": [
        0.0,
        -0.0869565217391306,
        0.0
    ],
    "result": [
        {
            "fid": 2,
            "cof": 0.16998661349974514,
            "conflict": 0.10206246587595973
        },
        {
            "fid": 1,
            "cof": -0.022074875737411903,
            "conflict": -0.01099492453242654
        },
        {
            "fid": 3,
            "cof": -0.02099816477659125,
            "conflict": -0.009243435688041292
        },
        {
            "fid": 0,
            "cof": -0.010546623303151533,
            "conflict": -0.006044549787385277
        }
    ]
}