{
    "label": 1,
    "score": 0.03475381894306673,
    "predict_proba": [
        0.0,
        2.0,
        0.0
    ],
    "result": [
        {
            "fid": 2,
            "cof": -0.4755005561308936,
            "conflict": -0.15297427613794992
        },
        {
            "fid": 3,
            "cof": -0.1913890783759444,
            "conflict": -0.029369205809525997
        },
        {
            "fid": 0,
            "cof": -0.10879770163808773,
            "conflict": -0.0009834743516293643
        },
        {
            "fid": 1,
            "cof": -0.03137166086819895,
            "conflict": -0.0033933931128606472
        }
    ]
}