{
    "label": 1,
    "score": 0.13717498670591277,
    "predict_proba": [
        0.0,
        -0.0869565217391306,
        0.0
    ],
    "result": [
        {
            "fid": 2,
            "cof": 0.17056107511439544,
            "conflict": 0.10191715278710274
        },
        {
            "fid": 3,
            "cof": -0.022830120646066217,
            "conflict": -0.009687253451037778
        },
        {
            "fid": 0,
            "cof": -0.009418837606891035,
            "conflict": -0.004907536223567656
        },
        {
            "fid": 1,
            "cof": -0.004923044220949567,
            "conflict": -0.0011647507955825412
        }
    ]
}