{
    "label": 1,
    "score": 0.034821315097121164,
    "predict_proba": [
        0.0,
        2.0,
        0.0
    ],
    "result": [
        {
            "fid": 2,
            "cof": -0.5153862733188853,
            "conflict": -0.1387965546691205
        },
        {
            "fid": 3,
            "cof": -0.20411889203364197,
            "conflict": -0.032138630690810015
        },
        {
            "fid": 0,
            "cof": -0.09261025090053486,
            "conflict": 0.004213707922607576
        },
        {
            "fid": 1,
            "cof": 0.061565558699247416,
            "conflict": 0.006275494920663131
        }
    ]
}