{
    "label": 1,
    "score": 0.15310928069161522,
    "predict_proba": [
        0.0,
        -0.0869565217391306,
        0.0
    ],
    "result": [
        {
            "fid": 2,
            "cof": 0.1816499425141434,
            "conflict": 0.10529091135340356
        },
        {
            "fid": 3,
            "cof": 0.03727334779754272,
            "conflict": 0.017104011446968295
        },
        {
            "fid": 1,
            "cof": -0.020878527150351846,
            "conflict": -0.0029989012272969295
        },
        {
            "fid": 0,
            "cof": -0.007987914496043191,
            "conflict": -0.006107062769690667
        }
    ]
}