{
    "label": 1,
    "score": 0.017762218323889134,
    "predict_proba": [
        0.0,
        2.0,
        0.0
    ],
    "result": [
        {
            "fid": 2,
            "cof": -0.20354872456293818,
            "conflict": -0.2826951389783419
        },
        {
            "fid": 0,
            "cof": -0.10016066182586864,
            "conflict": 0.005843077140288609
        },
        {
            "fid": 3,
            "cof": -0.07210971846583483,
            "conflict": -0.03789742320635668
        },
        {
            "fid": 1,
            "cof": 0.048136767115644234,
            "conflict": 0.025384447871921727
        }
    ]
}