{
    "label": 1,
    "score": 0.24133853337593825,
    "predict_proba": [
        0.0,
        1.0,
        0.0
    ],
    "result": [
        {
            "fid": 2,
            "cof": 0.4451954194368206
        },
        {
            "fid": 3,
            "cof": 0.093411886018918
        },
        {
            "fid": 0,
            "cof": -0.02051974175233337
        },
        {
            "fid": 1,
            "cof": -0.014249424793024663
        }
    ]
}