{
    "label": 1,
    "score": 0.14605286378581994,
    "predict_proba": [
        0.0,
        2.0,
        0.0
    ],
    "result": [
        {
            "fid": 2,
            "cof": 0.22745851945278545,
            "conflict": -0.5749124578330631
        },
        {
            "fid": 0,
            "cof": -0.047389656302578846,
            "conflict": 0.06712913654016249
        },
        {
            "fid": 3,
            "cof": 0.015263351935983483,
            "conflict": -0.028762414358073952
        },
        {
            "fid": 1,
            "cof": 0.0006830413241156163,
            "conflict": -0.08216150612992502
        }
    ]
}