{
    "label": 1,
    "score": 0.2662650188912806,
    "predict_proba": [
        0.0,
        2.0,
        0.0
    ],
    "result": [
        {
            "fid": 2,
            "cof": 0.336662441656094,
            "conflict": 2.4677943676057215
        },
        {
            "fid": 3,
            "cof": 0.04047684145029135,
            "conflict": 0.32003191550714416
        },
        {
            "fid": 0,
            "cof": -0.0340396385999906,
            "conflict": -0.11498702618928112
        },
        {
            "fid": 1,
            "cof": -0.000582342591641877,
            "conflict": 0.23466366158372842
        }
    ]
}