{
    "label": 1,
    "score": 0.010775922206487154,
    "predict_proba": [
        0.0,
        2.0,
        0.0
    ],
    "result": [
        {
            "fid": 2,
            "cof": -0.127772048719075,
            "conflict": -0.4681265852949232
        },
        {
            "fid": 3,
            "cof": -0.0638277142813892,
            "conflict": -0.07346830886261002
        },
        {
            "fid": 0,
            "cof": -0.0580069519081822,
            "conflict": 0.006482856902319075
        },
        {
            "fid": 1,
            "cof": 0.013034293359367174,
            "conflict": -0.00710344907037945
        }
    ]
}