{
    "label": 1,
    "score": 0.03543236889251422,
    "predict_proba": [
        0.0,
        2.0,
        0.0
    ],
    "result": [
        {
            "fid": 2,
            "cof": -0.5890646144513798,
            "conflict": -0.13663657850050454
        },
        {
            "fid": 3,
            "cof": -0.16493582454716357,
            "conflict": -0.015261280546978857
        },
        {
            "fid": 1,
            "cof": 0.004340979873310239,
            "conflict": -0.004334812173381507
        },
        {
            "fid": 0,
            "cof": -0.0037513149356827205,
            "conflict": 0.012037439126161948
        }
    ]
}