{
    "label": 1,
    "score": 0.20880880853285366,
    "predict_proba": [
        0.0,
        1.0,
        0.0
    ],
    "result": [
        {
            "fid": 2,
            "cof": 0.211868554752468
        },
        {
            "fid": 3,
            "cof": 0.15988167818474733
        },
        {
            "fid": 0,
            "cof": 0.022207627155474193
        },
        {
            "fid": 1,
            "cof": -0.009976162413312449
        }
    ]
}