{
    "label": 1,
    "score": 0.20091945452339577,
    "predict_proba": [
        1.0,
        0.0,
        0.0
    ],
    "result": [
        {
            "fid": 3,
            "cof": -0.43410295514808256
        },
        {
            "fid": 2,
            "cof": 0.04159300752656634
        },
        {
            "fid": 0,
            "cof": 0.007447118588328146
        },
        {
            "fid": 1,
            "cof": -0.005605080306460092
        }
    ]
}