{
    "label": 1,
    "score": 0.26072688427270174,
    "predict_proba": [
        1.0,
        0.0,
        0.0
    ],
    "result": [
        {
            "fid": 3,
            "cof": -0.4747140325749351,
            "conflict": -0.8894196404182642
        },
        {
            "fid": 2,
            "cof": 0.05208646418939667,
            "conflict": 0.0016706340052812863
        },
        {
            "fid": 1,
            "cof": -0.03278173741138478,
            "conflict": -0.01593386780058004
        },
        {
            "fid": 0,
            "cof": 0.016398021376646903,
            "conflict": 0.012606638280977902
        }
    ]
}