{
    "label": 1,
    "score": 0.006038278920461937,
    "predict_proba": [
        0.0,
        2.0,
        0.0
    ],
    "result": [
        {
            "fid": 0,
            "cof": -0.06250681523582066,
            "conflict": -0.01874625968803124
        },
        {
            "fid": 3,
            "cof": -0.0535524271283394,
            "conflict": -0.15074845938169867
        },
        {
            "fid": 2,
            "cof": -0.051976820067024074,
            "conflict": -0.7104485680797143
        },
        {
            "fid": 1,
            "cof": 0.0006305390399929028,
            "conflict": 0.020584347033581595
        }
    ]
}