{
    "label": 1,
    "score": 0.0060576299155497,
    "predict_proba": [
        0.0,
        2.0,
        0.0
    ],
    "result": [
        {
            "fid": 2,
            "cof": 0.0470651287709247,
            "conflict": 1.345592133191477
        },
        {
            "fid": 0,
            "cof": -0.03693110944021157,
            "conflict": -0.0747867611122173
        },
        {
            "fid": 1,
            "cof": 0.02853990568209817,
            "conflict": -0.2096137233961793
        },
        {
            "fid": 3,
            "cof": -0.02837476337206044,
            "conflict": 0.34637737311865546
        }
    ]
}