{
    "label": 1,
    "score": 0.024736379130752884,
    "predict_proba": [
        0.0,
        2.0,
        0.0
    ],
    "result": [
        {
            "fid": 2,
            "cof": -0.2972880681770702,
            "conflict": -0.25671748499073804
        },
        {
            "fid": 3,
            "cof": -0.0962962419825354,
            "conflict": -0.041959245632664566
        },
        {
            "fid": 1,
            "cof": 0.061533773440795955,
            "conflict": 0.011167553099313802
        },
        {
            "fid": 0,
            "cof": -0.05584306947674178,
            "conflict": 0.007300027571807835
        }
    ]
}