{
    "label": 1,
    "score": 0.014851752743361035,
    "predict_proba": [
        0.0,
        2.0,
        0.0
    ],
    "result": [
        {
            "fid": 2,
            "cof": -0.24264755052806247,
            "conflict": -0.2010883571039653
        },
        {
            "fid": 3,
            "cof": -0.10903584922368927,
            "conflict": -0.0355977065000777
        },
        {
            "fid": 1,
            "cof": 0.05639014153608338,
            "conflict": 0.015228611568414714
        },
        {
            "fid": 0,
            "cof": -0.035286816816233066,
            "conflict": 0.013512289828541675
        }
    ]
}