{
    "label": 1,
    "score": 0.2357485712913192,
    "predict_proba": [
        0.0,
        2.0,
        0.0
    ],
    "result": [
        {
            "fid": 2,
            "cof": 0.4445653594909972,
            "conflict": 0.6776226184293233
        },
        {
            "fid": 3,
            "cof": 0.0708058624290993,
            "conflict": 0.0819250557077673
        },
        {
            "fid": 0,
            "cof": -0.021428071089574178,
            "conflict": -0.039056316569903285
        },
        {
            "fid": 1,
            "cof": -0.0021854624271111485,
            "conflict": -0.04181194903461171
        }
    ]
}