{
    "label": 1,
    "score": 0.15859155501221656,
    "predict_proba": [
        0.017737933267774234,
        0.7135633643431246,
        0.26869870238910126
    ],
    "result": [
        {
            "fid": 2,
            "cof": 0.22900651513251485
        },
        {
            "fid": 3,
            "cof": 0.06100389111549011
        },
        {
            "fid": 0,
            "cof": 0.05737827743785991
        },
        {
            "fid": 1,
            "cof": 0.029855583169936313
        }
    ]
}