{
    "label": 1,
    "score": 0.28583473994834496,
    "predict_proba": [
        0.0,
        0.0,
        1.0
    ],
    "result": [
        {
            "fid": 2,
            "cof": -0.257030540830082
        },
        {
            "fid": 3,
            "cof": -0.19026578341194036
        },
        {
            "fid": 0,
            "cof": -0.005459147600742704
        },
        {
            "fid": 1,
            "cof": -0.0014030442558571425
        }
    ]
}